split,#lines,#words,#self,%noise
train,9000,378809,356422,5.909838467407056
test,1000,41794,39343,5.864478154759055
